UserId,FirstName,LastName,DisplayName,UserName,Email,Password
1,Marian,Laclair,Marian Laclair,mlaclair,mlaclair@gmail.com,Marian@Laclair@1!
2,Marian,Tovey,Marian Tovey,mtovey,mtovey@gmail.com,Marian@Tovey@4!
3,Marian,Butter,Marian Butter,mbutter,mbutter@gmail.com,Marian@Butter@9!
4,Marian,Tirado,Marian Tirado,mtirado,mtirado@gmail.com,Marian@Tirado@16!
5,Marian,Krach,Marian Krach,mkrach,mkrach@gmail.com,Marian@Krach@25!
6,Marian,Asaro,Marian Asaro,masaro,masaro@gmail.com,Marian@Asaro@36!
7,Marian,Coughlan,Marian Coughlan,mcoughlan,mcoughlan@gmail.com,Marian@Coughlan@49!